Complex_Source,type,prot_resn,prot_resi
first_complex.pdb,Hydrogen Bond,ILE,133
first_complex.pdb,Hydrophobic,ILE,132
first_complex.pdb,Hydrophobic,LEU,152
first_complex.pdb,Hydrophobic,VAL,370
first_complex.pdb,Hydrophobic,VAL,370
first_complex.pdb,Hydrophobic,VAL,373
first_complex.pdb,Hydrophobic,ALA,306
first_complex.pdb,Hydrophobic,PHE,430
first_complex.pdb,Hydrophobic,ALA,438
first_complex.pdb,Salt Bridge,ARG,115
first_complex.pdb,Salt Bridge,ARG,115
first_complex.pdb,Salt Bridge,ARG,145
first_complex.pdb,Salt Bridge,ARG,375
first_complex.pdb,Salt Bridge,ARG,435
second_complex.pdb,Hydrogen Bond,ARG,115
second_complex.pdb,Hydrogen Bond,MET,374
second_complex.pdb,Hydrophobic,TRP,224
second_complex.pdb,Hydrophobic,ASP,309
second_complex.pdb,Hydrophobic,VAL,370
second_complex.pdb,Hydrophobic,LEU,477
second_complex.pdb,Hydrophobic,THR,310
second_complex.pdb,Hydrophobic,LEU,477
